Gene,Border_mean,Normal_mean,Tumor_mean,log2FC,pval,FDR,Main_cell_type,Main_subtype,sig
COL10A1,0.0965647981502115,0.000433895465297,0.1362431130061547,7.79469982721357,0.004336913286459,0.126557841588486,Stromal cells,Myofibroblasts,.
PLPP4,0.0603693296046306,0.0002962448828232,0.0928524446984132,7.666043893971916,0.0036645475900385,0.126557841588486,Stromal cells,Myofibroblasts,.
MMP7,0.1030887201583633,0.0005865789523037,0.121562121125559,7.454902044737441,0.004336913286459,0.126557841588486,Stromal cells,Myofibroblasts,.
COMP,0.1124777818719546,0.0016123123544578,0.2089043433467547,6.1234832785499895,0.0049981247650824,0.1441370980048043,Stromal cells,Myofibroblasts,.
COL11A1,0.0908814893725017,0.0019073081202805,0.1232281305516759,5.573636315933431,0.0049981247650824,0.1441370980048043,Stromal cells,Myofibroblasts,.
MMP1,0.1490509569024046,0.0066770473689151,0.1765947670986255,4.480245179561467,0.0021645021645021,0.1128879985262964,Stromal cells,Stromal 1,.
LCN2,0.236395925283432,0.0108519170510893,0.2154707261361181,4.44505650308795,0.0021645021645021,0.1128879985262964,T cells,IgA+ Plasma,.
REG4,0.1350877246198555,0.0070527985614414,0.116688506968785,4.2593630761397465,0.0649350649350649,0.3121021135727018,T cells,Regulatory T cells,ns
OLR1,0.148434390934805,0.0096095407498069,0.1262394934892654,3.949073691084742,0.0021645021645021,0.1128879985262964,Myeloids,SPP1+B,.
CHI3L1,0.077637261711061,0.005095940005655,0.0966849066317081,3.9290645400771376,0.0047718217137971,0.1388359403673018,Stromal cells,Stromal 1,.
INHBA,0.2502490573873122,0.0178853456939881,0.3145066015422344,3.8064398300181175,0.0021645021645021,0.1128879985262964,Stromal cells,Myofibroblasts,.
ADAM12,0.1356029296293854,0.0103642165971299,0.1741163805127143,3.7095768173421866,0.0043290043290043,0.126557841588486,Stromal cells,Myofibroblasts,.
SLC12A8,0.0744088146214683,0.0060309628994824,0.1104538187695046,3.6247934644902697,0.0021645021645021,0.1128879985262964,Stromal cells,Myofibroblasts,.
PODNL1,0.0811132324549059,0.0078867936196426,0.097358193869392,3.362261364728077,0.0021645021645021,0.1128879985262964,Stromal cells,Myofibroblasts,.
TMEM158,0.0683523559321959,0.0072543868639816,0.0919331330806016,3.2358877240061585,0.0043290043290043,0.126557841588486,Stromal cells,Myofibroblasts,.
MMP9,0.1569265611469745,0.0169500003879268,0.1452688307811816,3.2106564309844123,0.0021645021645021,0.1128879985262964,Myeloids,SPP1+B,.
CEACAM6,0.0840132518981893,0.0092227514251135,0.1440957846740881,3.187208543828335,0.0259740259740259,0.2125837434685515,T cells,CD4+ T cells,ns
SUGCT,0.0525252128330369,0.0061437043671806,0.066453729600956,3.095622062470306,0.0021645021645021,0.1128879985262964,Stromal cells,Myofibroblasts,.
TREM1,0.1141645750030875,0.0141183812714492,0.1200383740166823,3.0153789177656543,0.0151515151515151,0.1772799594995299,Myeloids,SPP1+B,.
MDFI,0.0940912462150057,0.0120728970505297,0.1083504768709341,2.962184435817075,0.0043290043290043,0.126557841588486,Stromal cells,Myofibroblasts,.
IL1RN,0.1158991223201155,0.0149668750818818,0.1053612294296423,2.9529407604701405,0.0411255411255411,0.2528124957592042,Myeloids,SPP1+B,ns
TREM2,0.12438741295288,0.017366126878187,0.1162655514975388,2.8404210942142365,0.0086580086580086,0.1518636402357332,Myeloids,SPP1+B,.
SEZ6L2,0.074071476701647,0.0110705986929436,0.1080930253180364,2.742074019895542,0.0086580086580086,0.1518636402357332,Stromal cells,Myofibroblasts,.
CCL20,0.1892193822811047,0.0285993304569274,0.2136959582567215,2.72596377850151,0.0151515151515151,0.1772799594995299,T cells,CD4+ T cells,.
FAP,0.1775842333833376,0.0269161602482199,0.2504839897155761,2.7219135040719524,0.0021645021645021,0.1128879985262964,Stromal cells,Myofibroblasts,.
CCL18,0.1485492709713677,0.0227534132815587,0.1008602020641167,2.7067329445367254,0.093073593073593,0.3657661643633587,Myeloids,SPP1+B,ns
S100P,0.2235400251423319,0.037776213682567,0.1924537758653362,2.5649514223315384,0.132034632034632,0.4257150829002193,T cells,Regulatory T cells,ns
UNC5B,0.1541127736369768,0.0260509808237353,0.1883344563345114,2.5645308308833483,0.0021645021645021,0.1128879985262964,Stromal cells,Myofibroblasts,.
SERPINE1,0.1954110053678353,0.0336518920958042,0.3085177826384703,2.537716704665115,0.0259740259740259,0.2125837434685515,Stromal cells,Stromal 3,ns
WNT5A,0.1124397109573086,0.0198617804950724,0.1019462589174509,2.501024982899428,0.0151515151515151,0.1772799594995299,Stromal cells,Stromal 1,.
MMP11,0.1948846224695444,0.0346302734687924,0.1931068369497855,2.492480316130322,0.0043290043290043,0.126557841588486,Stromal cells,Myofibroblasts,.
TEAD4,0.0534569503118594,0.0101981312036514,0.0867501460015773,2.389958258928289,0.0021645021645021,0.1128879985262964,Stromal cells,Tip-like ECs,.
ENC1,0.1506860256195068,0.0293781915679574,0.1745670884847641,2.3586886013846646,0.0086580086580086,0.1518636402357332,Stromal cells,Myofibroblasts,.
SPP1,0.3524197041988373,0.0700921934718887,0.3273421352108319,2.329952422360917,0.0259740259740259,0.2125837434685515,Myeloids,SPP1+B,ns
SPHK1,0.1547129719207684,0.0312270582653582,0.1952669744690259,2.308688717995853,0.0021645021645021,0.1128879985262964,Stromal cells,Myofibroblasts,.
PLA2G7,0.1627686284482479,0.0332223349250853,0.1395509553452333,2.2925627270323927,0.0259740259740259,0.2125837434685515,Myeloids,SPP1+B,ns
LINC01272,0.1593725423639019,0.0327562264089162,0.1168888738999764,2.2825270344353283,0.0649350649350649,0.3121021135727018,Myeloids,SPP1+B,ns
ADAMTS12,0.0843305932357907,0.0174703624409933,0.0955118238925933,2.271081094837908,0.0151515151515151,0.1772799594995299,Stromal cells,Myofibroblasts,.
DYSF,0.067510034268101,0.0140874185987437,0.0860722002883752,2.2606136405213424,0.0043290043290043,0.126557841588486,Stromal cells,Tip-like ECs,.
EDNRA,0.0950054256245493,0.0198692972771823,0.1118863032509883,2.257411634631755,0.0043290043290043,0.126557841588486,Stromal cells,Pericytes,.
ABCC3,0.0880505290503303,0.0188592049914101,0.071851963798205,2.22300270051697,0.0259740259740259,0.2125837434685515,Myeloids,SPP1+B,ns
HAPLN3,0.1578707161049048,0.0339214665194352,0.2157012565682331,2.2184397468723667,0.0021645021645021,0.1128879985262964,Stromal cells,Regulatory T cells,.
IL4I1,0.147586057583491,0.0317482575386141,0.1253258225818475,2.2167714523156192,0.0151515151515151,0.1772799594995299,T cells,SPP1+B,.
GPX2,0.2012181878089904,0.0436464150746663,0.1733455363816271,2.2047997629044382,0.0086580086580086,0.1518636402357332,T cells,Regulatory T cells,.
ADAMTS6,0.1205526286115249,0.0262250277834634,0.1408814452588558,2.200603858643611,0.0021645021645021,0.1128879985262964,Stromal cells,Myofibroblasts,.
CTLA4,0.1099957091112931,0.0240224649896845,0.1134698775907357,2.1949442055572908,0.0411255411255411,0.2528124957592042,T cells,Regulatory T cells,ns
MICAL2,0.1171083382020394,0.0258119385689497,0.1474674095710118,2.1816898260987747,0.0021645021645021,0.1128879985262964,Stromal cells,Myofibroblasts,.
C1QTNF6,0.1013583059733112,0.0224920188387235,0.104494709521532,2.1719293446401906,0.0043290043290043,0.126557841588486,Stromal cells,Myofibroblasts,.
ADGRE2,0.0862757073094447,0.0194598375819623,0.0691934246569871,2.148397313971591,0.0043290043290043,0.126557841588486,Myeloids,Pro-inflammatory,.
SLC11A1,0.1732417385404308,0.039208033743004,0.1579760418583949,2.1435368891364157,0.0649350649350649,0.3121021135727018,Myeloids,SPP1+B,ns
LOXL2,0.2221763102958599,0.0506338501969973,0.2728440811236699,2.1335089015644257,0.0151515151515151,0.1772799594995299,Stromal cells,Myofibroblasts,.
GJB2,0.0780270715864996,0.0179837487327555,0.0905852677921454,2.117219241628947,0.0411255411255411,0.2528124957592042,Stromal cells,Myofibroblasts,ns
PCDH17,0.1153602786362171,0.0267594556013743,0.154494555046161,2.1079844768260982,0.0086580086580086,0.1518636402357332,Stromal cells,Tip-like ECs,.
LEF1,0.1214809603989124,0.0287715830684949,0.1374215049048265,2.0779754446592613,0.0021645021645021,0.1128879985262964,T cells,CD4+ T cells,.
RAI14,0.1600858848541975,0.0379995312541723,0.2580036905904611,2.0747636267113867,0.0043290043290043,0.126557841588486,Stromal cells,Tip-like ECs,.
FAM167B,0.1276301133135954,0.0304407623286048,0.171489717438817,2.0678562788072177,0.0021645021645021,0.1128879985262964,Stromal cells,Tip-like ECs,.
CPXM1,0.0921910641094048,0.0223305115941911,0.107639600833257,2.0455616600216446,0.0259740259740259,0.2125837434685515,Stromal cells,Stromal 3,ns
TGM2,0.2235459598402182,0.0547121001097063,0.2824985335270564,2.030619717894392,0.0043290043290043,0.126557841588486,Stromal cells,Tip-like ECs,.
HMGB3,0.0975644011050462,0.0240942660408715,0.1082893448571364,2.017619895970012,0.0021645021645021,0.1128879985262964,Stromal cells,Tip-like ECs,.
TBC1D2,0.058676626222829,0.0146304299123585,0.0665789879858493,2.0037397393598435,0.0151515151515151,0.1772799594995299,Myeloids,SPP1+B,.
TMEM132A,0.0526651521213352,0.0132099395850673,0.0760977591077486,1.995142980366848,0.0151515151515151,0.1772799594995299,Stromal cells,Myofibroblasts,.
IGHG4,0.5903253369033337,0.1492172150562206,0.6398618717988332,1.9840890518061427,0.132034632034632,0.4257150829002193,B cells,CD19+CD20+ B,ns
EVA1A,0.0664054369553923,0.0170002108595023,0.0804374950627486,1.9656855910936124,0.0259740259740259,0.2125837434685515,Stromal cells,Myofibroblasts,ns
EPS8L1,0.0699730580672621,0.0180330127477645,0.1108744647353887,1.956099715034173,0.0043290043290043,0.126557841588486,Stromal cells,Tip-like ECs,.
S100A8,0.2498286111901203,0.0644125839074452,0.2044694491972526,1.955507613918168,0.093073593073593,0.3657661643633587,Myeloids,Pro-inflammatory,ns
APLNR,0.0990098907301823,0.0257598930814613,0.1365074726442496,1.9424046137294904,0.0043290043290043,0.126557841588486,Stromal cells,Tip-like ECs,.
RNF19B,0.0947128720581531,0.0248361602425575,0.1261574067175388,1.931075509905089,0.0043290043290043,0.126557841588486,Myeloids,Pro-inflammatory,.
TNFRSF12A,0.2587765449037154,0.0682923823284606,0.3359979825715224,1.9218947423649224,0.0259740259740259,0.2125837434685515,Stromal cells,Myofibroblasts,ns
TPSB2,0.116044906899333,0.0308456050697714,0.1043181484565138,1.9115120153053933,0.132034632034632,0.4257150829002193,Mast cells,Mast cells,ns
ITGA2,0.0900821580241123,0.0239662555977702,0.104345948745807,1.9101926837809209,0.0086580086580086,0.1518636402357332,Stromal cells,Tip-like ECs,.
TFF1,0.1018391709464291,0.0271584358415566,0.1279246653430163,1.906781328821888,0.093073593073593,0.3657661643633587,T cells,IgA+ Plasma,ns
SGIP1,0.1138296996553738,0.0307860430330038,0.1153728726009527,1.8864944845243936,0.0086580086580086,0.1518636402357332,Stromal cells,Myofibroblasts,.
VASH1,0.0937269888818264,0.0254232424000899,0.1245712960759798,1.88227514237151,0.0043290043290043,0.126557841588486,Stromal cells,Tip-like ECs,.
TDO2,0.0813872152939438,0.0221009451585511,0.0685950151334206,1.8806465682241849,0.0151515151515151,0.1772799594995299,Stromal cells,Stromal 3,.
B3GNT5,0.0966610498726368,0.02633327509587,0.1049330777799089,1.876007842792396,0.0411255411255411,0.2528124957592042,Myeloids,SPP1+B,ns
IL2RA,0.1210648848985632,0.0331963502491513,0.108143838122487,1.8666523878702572,0.0649350649350649,0.3121021135727018,T cells,Regulatory T cells,ns
ITGAX,0.1002852420012156,0.0276805079774931,0.0936163216829299,1.857129257621629,0.0259740259740259,0.2125837434685515,Myeloids,SPP1+B,ns
RP11-803D5.4,0.0815698839724063,0.0226766364648938,0.0715441933522621,1.8467840005873335,0.0151515151515151,0.1772799594995299,Stromal cells,Regulatory T cells,.
OSCAR,0.081424452830106,0.0226412971969693,0.0760668801764647,1.8464595022134425,0.093073593073593,0.3657661643633587,Myeloids,Pro-inflammatory,ns
IL21R,0.0674681343759099,0.0188168873234341,0.0507734154040614,1.8421229859113533,0.0151515151515151,0.1772799594995299,T cells,Regulatory T cells,.
ADAMTS9,0.1236748425289988,0.0350951603613793,0.1965403774132331,1.8171786191822823,0.0259740259740259,0.2125837434685515,Stromal cells,Tip-like ECs,ns
CASC15,0.0719723999500274,0.0206632153907169,0.095006505648295,1.8003292250170395,0.0086580086580086,0.1518636402357332,Stromal cells,Tip-like ECs,.
SLC6A6,0.1940800510346889,0.0560215817143519,0.1941720135509967,1.7925788939887357,0.0021645021645021,0.1128879985262964,T cells,Myofibroblasts,.
NID2,0.0998979558547337,0.0288771358318626,0.1136537063866853,1.7904919839819509,0.0043290043290043,0.126557841588486,Stromal cells,Stromal 3,.
SERINC2,0.0806823189680775,0.0233732385871311,0.1107626942296822,1.7873510613434536,0.0151515151515151,0.1772799594995299,Stromal cells,Myofibroblasts,.
EOGT,0.0816854561368624,0.0237793986064692,0.0974458412577708,1.7803239972629334,0.0043290043290043,0.126557841588486,Stromal cells,Tip-like ECs,.
PRR5L,0.0644358961532513,0.0188282839953899,0.0848342670748631,1.7749088619558044,0.0021645021645021,0.1128879985262964,T cells,CD8+ T cells,.
IL1RAP,0.0767679885029792,0.0224972848470012,0.0895831060285369,1.7707086174656372,0.0259740259740259,0.2125837434685515,Myeloids,Pro-inflammatory,ns
GNA15,0.1303442707285285,0.0382607959521313,0.1181866091986497,1.7683617406696936,0.0411255411255411,0.2528124957592042,Myeloids,Regulatory T cells,ns
OLFML2B,0.1456078688303629,0.0429687068487207,0.1748087101926406,1.7607063909366722,0.0259740259740259,0.2125837434685515,Stromal cells,Pericytes,ns
NREP,0.2217837100227674,0.0660722916945815,0.2591378030677636,1.7470207836174811,0.0086580086580086,0.1518636402357332,Stromal cells,Myofibroblasts,.
RUNX1,0.3178655828038851,0.0947726741433143,0.3401869672040145,1.7458630806951936,0.0021645021645021,0.1128879985262964,Stromal cells,Myofibroblasts,.
P4HA3,0.0416999349060157,0.0124454497514913,0.0679166394596298,1.744345444301295,0.0411255411255411,0.2528124957592042,Stromal cells,Myofibroblasts,ns
TNS3,0.2013135527571042,0.0602116351947188,0.1907251042624314,1.7413133033101404,0.0086580086580086,0.1518636402357332,Stromal cells,Myofibroblasts,.
CXorf36,0.0974292606115341,0.029147007735446,0.1410700691243012,1.7409726461339776,0.0086580086580086,0.1518636402357332,Stromal cells,Tip-like ECs,.
POSTN,0.3340204395353794,0.1002338379621505,0.4509212697545687,1.7365566829461898,0.0259740259740259,0.2125837434685515,Stromal cells,Myofibroblasts,ns
SCD,0.1101644362012545,0.0330791304974506,0.1146855466067791,1.735634826373539,0.0151515151515151,0.1772799594995299,Myeloids,SPP1+B,.
SERPINA1,0.2483254224061966,0.0748204879152278,0.2381412908434867,1.7307132141813084,0.093073593073593,0.3657661643633587,Myeloids,Pro-inflammatory,ns
MYO1B,0.1851924185951551,0.0559011691560347,0.2180600998302301,1.7280566592497102,0.0151515151515151,0.1772799594995299,Stromal cells,Pericytes,.
LMO7,0.1311287532250086,0.0400959132239222,0.1488557836661736,1.7094319856906268,0.0021645021645021,0.1128879985262964,Stromal cells,Myofibroblasts,.
FGD6,0.0604483727365732,0.0185559056699275,0.0960334545622269,1.7037712054146392,0.0021645021645021,0.1128879985262964,Stromal cells,Myofibroblasts,.
MTHFD1L,0.0739620042343934,0.0228269166933993,0.0813800559068719,1.6960046221522942,0.0021645021645021,0.1128879985262964,Stromal cells,Myofibroblasts,.
GK,0.1392539621641238,0.0431449416403969,0.1364275614420572,1.6904319677341928,0.0259740259740259,0.2125837434685515,Myeloids,Pro-inflammatory,ns
KIFC3,0.119657486056288,0.0372955653195579,0.144214591011405,1.6818080325606106,0.0086580086580086,0.1518636402357332,Stromal cells,Myofibroblasts,.
KRT18,0.4945611208677292,0.1544530416528383,0.444792628288269,1.6789741231747108,0.0151515151515151,0.1772799594995299,Stromal cells,Regulatory T cells,.
BMP1,0.1655659594883521,0.0519313669453064,0.1903519133726755,1.672708911195956,0.0086580086580086,0.1518636402357332,Stromal cells,Myofibroblasts,.
ICOS,0.1088249022141099,0.0341784597064057,0.1161246916744858,1.6708204839156624,0.132034632034632,0.4257150829002193,T cells,Regulatory T cells,ns
CDH11,0.2557628874977429,0.0804518423974514,0.2919805720448494,1.6685972803717872,0.0649350649350649,0.3121021135727018,Stromal cells,Myofibroblasts,ns
APOC1,0.3407473415136337,0.1079543909678856,0.2918427865952253,1.6582713461638037,0.0021645021645021,0.1128879985262964,Myeloids,SPP1+B,.
DEFB1,0.0870693940669298,0.0277587389961505,0.0698778337488571,1.6491882493582728,0.2402597402597402,0.5518263652487124,Stromal cells,Stromal 3,ns
AGRN,0.1306864333649476,0.0418217191472649,0.153871476650238,1.6437616528150631,0.0086580086580086,0.1518636402357332,Stromal cells,Tip-like ECs,.
CHN1,0.1369517122705777,0.0440308271596829,0.1535409912467003,1.6370592208870682,0.0021645021645021,0.1128879985262964,Stromal cells,Pericytes,.
ERG,0.0704626701772213,0.0229514794579396,0.1085487070182959,1.6182296109201026,0.0086580086580086,0.1518636402357332,Stromal cells,Tip-like ECs,.
EPHA2,0.0564472051337361,0.0184291435871273,0.0844946100066105,1.6148603979124616,0.0151515151515151,0.1772799594995299,Stromal cells,Myofibroblasts,.
SPINK1,0.1127467323094606,0.0369282780836025,0.1785058127716183,1.6102614516702345,0.0259740259740259,0.2125837434685515,T cells,IgA+ Plasma,ns
IGHG3,0.5151923696200053,0.1706193437178929,0.667345330119133,1.594324351556641,0.093073593073593,0.3657661643633587,B cells,CD19+CD20+ B,ns
CTHRC1,0.4142824063698451,0.1377596395711104,0.5264915799101194,1.5884542902804597,0.0151515151515151,0.1772799594995299,Stromal cells,Myofibroblasts,.
FCGR1A,0.118726534768939,0.0395682222830752,0.1111039215077956,1.5852039421680406,0.0649350649350649,0.3121021135727018,Myeloids,Pro-inflammatory,ns
ADGRF5,0.1420540027320385,0.0474114605846504,0.1913261506706476,1.583111467341936,0.0151515151515151,0.1772799594995299,Stromal cells,Tip-like ECs,.
PLOD2,0.2221062574535608,0.0746405577907959,0.2877684123814106,1.57320553328082,0.093073593073593,0.3657661643633587,Stromal cells,Myofibroblasts,ns
SCARF2,0.0565194695567091,0.0190011315668622,0.0827400628477335,1.5726121890810854,0.093073593073593,0.3657661643633587,Stromal cells,Myofibroblasts,ns
TMEM255B,0.1222147848457098,0.0411433742071191,0.1711916190882524,1.5706635439950027,0.0043290043290043,0.126557841588486,Stromal cells,Tip-like ECs,.
FCGR3A,0.2412782112757364,0.0818295364733785,0.2358148346344629,1.5599924024161576,0.132034632034632,0.4257150829002193,Myeloids,SPP1+B,ns
KIAA1462,0.0786462140580018,0.026678526153167,0.1067914230128129,1.5596626180724498,0.0086580086580086,0.1518636402357332,Stromal cells,Tip-like ECs,.
MIR4435-2HG,0.5231792603929838,0.1776423901319503,0.6236773133277893,1.5583240999806849,0.0043290043290043,0.126557841588486,Stromal cells,Regulatory T cells,.
SELL,0.2692539058625698,0.0917969229631125,0.2428477524469296,1.552439214682655,0.3095238095238095,0.6163446288344745,T cells,CD4+ T cells,ns
HSPA6,0.1446183907488981,0.0493338958670695,0.1305374906708797,1.5515806347527228,0.0259740259740259,0.2125837434685515,Myeloids,IgA+ Plasma,ns
HAVCR2,0.2005477423469225,0.0685429691026608,0.1525486372411251,1.5488512789597817,0.0259740259740259,0.2125837434685515,T cells,CD8+ T cells,ns
PLPP2,0.0547012525300184,0.018729486502707,0.0622799396514892,1.54621186915347,0.0649350649350649,0.3121021135727018,Stromal cells,Tip-like ECs,ns
S100A9,0.3798621445894241,0.1301814216809968,0.3465558625757694,1.544945087478786,0.132034632034632,0.4257150829002193,Myeloids,Pro-inflammatory,ns
TNFRSF25,0.1732453011597196,0.0597763707240422,0.2032542414963245,1.5351532035400917,0.1796536796536796,0.4843289329129307,T cells,CD4+ T cells,ns
LILRB4,0.1585244766126076,0.0548691640918453,0.1392762083560228,1.5306209189898188,0.093073593073593,0.3657661643633587,Myeloids,SPP1+B,ns
FPR3,0.1984112697343031,0.0688260793685913,0.1769688874483108,1.5274530476016568,0.1796536796536796,0.4843289329129307,Myeloids,SPP1+B,ns
FAM129B,0.1575568268696467,0.0549107560267051,0.1913432367146015,1.5206944705286614,0.0259740259740259,0.2125837434685515,Stromal cells,Tip-like ECs,ns
AQP1,0.1562552029887835,0.0549807539209723,0.2609692433228095,1.5068886276246192,0.0043290043290043,0.126557841588486,Stromal cells,Tip-like ECs,.
LHFPL2,0.1667711772024631,0.0588018583754698,0.1695063710212707,1.5039204318424526,0.0151515151515151,0.1772799594995299,Myeloids,SPP1+B,.
RASAL2,0.1371756047010421,0.0486190890272458,0.1961587661256393,1.496410012478068,0.0151515151515151,0.1772799594995299,Stromal cells,Tip-like ECs,.
SDSL,0.099094387764732,0.0353439641185104,0.1159016378223896,1.4873132337530548,0.0151515151515151,0.1772799594995299,Myeloids,SPP1+B,.
TTYH3,0.1851533986628055,0.066155852129062,0.2234513126313686,1.484766328595812,0.0151515151515151,0.1772799594995299,Myeloids,Anti-inflammatory,.
SCG5,0.0519382969165841,0.0188162809936329,0.073921799659729,1.464768304260074,0.0259740259740259,0.2125837434685515,Stromal cells,Myofibroblasts,ns
LIMK2,0.080831337099274,0.0293875134860475,0.1073163117592533,1.4596801735847431,0.0021645021645021,0.1128879985262964,Stromal cells,Myofibroblasts,.
ADAMTS2,0.1121056706955035,0.0408898456953465,0.1306388241549333,1.4550223197560803,0.0649350649350649,0.3121021135727018,Stromal cells,Myofibroblasts,ns
SEMA6B,0.0705057835827271,0.0257865327099959,0.0910747765252987,1.4510883223501192,0.0021645021645021,0.1128879985262964,Stromal cells,Tip-like ECs,.
PLVAP,0.2202488283316294,0.0807546287154157,0.2753396518528461,1.447506169545228,0.0086580086580086,0.1518636402357332,Stromal cells,Tip-like ECs,.
BATF,0.2839860195914904,0.1041447101160883,0.2856604102998972,1.4472215745864183,0.132034632034632,0.4257150829002193,T cells,Regulatory T cells,ns
AGR2,0.3431291319429874,0.1263337526470422,0.3281875181322296,1.4415042658078956,0.3939393939393939,0.6794328509368087,T cells,Regulatory T cells,ns
NCEH1,0.075408825961252,0.0278027273404101,0.0896826262275378,1.4394742178760669,0.0151515151515151,0.1772799594995299,Myeloids,SPP1+B,.
AMPD3,0.0631000145028034,0.0234503527171909,0.082384747142593,1.4279920577916068,0.0086580086580086,0.1518636402357332,Myeloids,CD19+CD20+ B,.
SULF1,0.2626626516381899,0.0982087471832831,0.339824719975392,1.4192784465691224,0.0411255411255411,0.2528124957592042,Stromal cells,Myofibroblasts,ns
DMXL2,0.1217386821905772,0.0455428737526138,0.1113362231602271,1.41847059386671,0.0151515151515151,0.1772799594995299,Myeloids,SPP1+B,.
NOTCH3,0.1723517881085475,0.0645108390599489,0.2312830239534378,1.4177287870924704,0.0649350649350649,0.3121021135727018,Stromal cells,Smooth muscle cells,ns
EFNB2,0.0881662741303443,0.0330174711222449,0.1043290806313355,1.4169699369008917,0.0259740259740259,0.2125837434685515,Stromal cells,Tip-like ECs,ns
PLAUR,0.3929221617678801,0.1478621916224559,0.4546731486916542,1.409984253997058,0.132034632034632,0.4257150829002193,Myeloids,SPP1+B,ns
MUC1,0.0720188640989363,0.0271134446375072,0.0765542164444923,1.4093332560338427,0.3095238095238095,0.6163446288344745,Stromal cells,IgA+ Plasma,ns
UPP1,0.3739072034756343,0.1410373051961263,0.4315151125192642,1.40659708044584,0.0021645021645021,0.1128879985262964,T cells,CD4+ T cells,.
CLEC4A,0.1197476542244354,0.0453295003001888,0.1122875648240248,1.4014554535111392,0.0411255411255411,0.2528124957592042,Myeloids,Pro-inflammatory,ns
HIF1A,0.6033296833435694,0.2290432378649711,0.6884078830480576,1.3973226857882084,0.0021645021645021,0.1128879985262964,Stromal cells,CD19+CD20+ B,.
CXCL3,0.1747733916466435,0.0665173881376783,0.2349252629404266,1.3936686982465183,0.132034632034632,0.4257150829002193,Myeloids,Pro-inflammatory,ns
KLHL2,0.072743033679823,0.0276990694304307,0.0731489770114421,1.392939333505934,0.0151515151515151,0.1772799594995299,Stromal cells,SPP1+B,.
SCARF1,0.0684704563270012,0.0260774317818383,0.0934820802261432,1.3926455814251115,0.0259740259740259,0.2125837434685515,Stromal cells,Tip-like ECs,ns
CXCL8,0.3017227606227,0.1154576173673073,0.6087572642912468,1.3858524585106162,0.0411255411255411,0.2528124957592042,Myeloids,Pro-inflammatory,ns
MRAS,0.0920546225582559,0.03539687821952,0.1258907777567704,1.3788429544891632,0.0151515151515151,0.1772799594995299,Stromal cells,Myofibroblasts,.
IGHG2,0.1732252097378174,0.0666766489545504,0.2839060254239787,1.3773820903494518,0.4848484848484848,0.7441984023073567,B cells,IgA+ Plasma,ns
ST14,0.1014761937161286,0.0390949511590103,0.1351104875405629,1.3760644157899544,0.0086580086580086,0.1518636402357332,Myeloids,SPP1+B,.
LMCD1,0.2304099847873052,0.0888121705502271,0.30796796331803,1.37536395652078,0.0021645021645021,0.1128879985262964,Stromal cells,Myofibroblasts,.
PLAU,0.2503588553518057,0.0965635900696118,0.2795583282907803,1.3744370884322967,0.0259740259740259,0.2125837434685515,Stromal cells,Myofibroblasts,ns
IL3RA,0.117340175434947,0.0452695066730181,0.1350260848800341,1.3740659904124486,0.0086580086580086,0.1518636402357332,Stromal cells,Tip-like ECs,.
KRT19,0.3767502158880234,0.1453763656318187,0.3587075347701708,1.3738094999032686,0.9372294372294372,0.9756380329158756,Stromal cells,Stromal 3,ns
PODXL,0.1342239777247111,0.0519740146895249,0.1717757657170295,1.3687629995357746,0.0259740259740259,0.2125837434685515,Stromal cells,Tip-like ECs,ns
EREG,0.0845026997849345,0.0327439300405482,0.1056999679033954,1.3677429588630292,0.4848484848484848,0.7441984023073567,Myeloids,Pro-inflammatory,ns
CFI,0.1237855578462282,0.0480236701356867,0.1640650890767574,1.3660070491246945,0.0086580086580086,0.1518636402357332,Stromal cells,Stromal 3,.
DGKH,0.146915890276432,0.057006154830257,0.1788959285865227,1.3657853597076393,0.0086580086580086,0.1518636402357332,Stromal cells,Tip-like ECs,.
PRAP1,0.0938417756309111,0.0364360388290757,0.1119817144547899,1.3648399665124102,0.093073593073593,0.3657661643633587,T cells,IgA+ Plasma,ns
ZDHHC20,0.1987981796264648,0.0774048479894797,0.197222759326299,1.3607973326291218,0.0021645021645021,0.1128879985262964,Myeloids,Pro-inflammatory,.
PHLDA2,0.2378481502334276,0.0928032814214627,0.2599502156178156,1.3577836018565008,0.0259740259740259,0.2125837434685515,Stromal cells,Smooth muscle cells,ns
IGFBP2,0.0781664251505086,0.030589301759998,0.1112444077928861,1.3534931773877237,0.1796536796536796,0.4843289329129307,Stromal cells,Tip-like ECs,ns
VDR,0.0941970044126113,0.0369102032855153,0.0781651176512241,1.3516377271885196,0.0259740259740259,0.2125837434685515,T cells,Regulatory T cells,ns
CXCL1,0.1720615128676096,0.0674845715984702,0.2145541335145632,1.350281820374953,0.0411255411255411,0.2528124957592042,Stromal cells,Stromal 1,ns
MARCKSL1,0.565385639667511,0.2227209831277529,0.599119151631991,1.343993829874093,0.0021645021645021,0.1128879985262964,Stromal cells,CD19+CD20+ B,.
AC133644.2,0.1571598711113135,0.0621465183794498,0.1567934229969978,1.3384733804025049,0.0259740259740259,0.2125837434685515,T cells,Regulatory T cells,ns
EPHB4,0.072485638782382,0.028719729433457,0.1105050537735223,1.3356227021129994,0.0043290043290043,0.126557841588486,Stromal cells,Tip-like ECs,.
ACTN1,0.5523199985424677,0.2190540060400962,0.6858779688676199,1.334213793094127,0.0151515151515151,0.1772799594995299,Stromal cells,Myofibroblasts,.
LFNG,0.0693386187776923,0.0275361699362595,0.0677797359724839,1.3322996070508677,0.0151515151515151,0.1772799594995299,T cells,Regulatory T cells,.
TBC1D4,0.1498587615787983,0.0595523472875356,0.1702055397133032,1.3313585569372182,0.0151515151515151,0.1772799594995299,T cells,Regulatory T cells,.
CD93,0.2383809213836988,0.094893026476105,0.3284612732628981,1.3288856491807155,0.0086580086580086,0.1518636402357332,Stromal cells,Tip-like ECs,.
NUAK1,0.1362492553889751,0.0543419455643743,0.2323388469715913,1.3260942625407128,0.0259740259740259,0.2125837434685515,Stromal cells,Stalk-like ECs,ns
SLC16A3,0.4523000518480937,0.1806445121765136,0.5138904253641764,1.3241219370636292,0.0259740259740259,0.2125837434685515,Myeloids,SPP1+B,ns
MIR181A1HG,0.0720224523295958,0.0288619291968643,0.0682640336453914,1.319249033187599,0.0021645021645021,0.1128879985262964,Myeloids,Pro-inflammatory,.
BCAR1,0.1578226877997318,0.063251167225341,0.1790383371214071,1.3191269388901858,0.0259740259740259,0.2125837434685515,Stromal cells,Myofibroblasts,ns
SPRY4,0.0819817607601483,0.032959365285933,0.0829457181195418,1.3145883419871716,0.093073593073593,0.3657661643633587,Stromal cells,Tip-like ECs,ns
MYO1E,0.1102305029829343,0.0444017111634214,0.1256305494656165,1.311816916439419,0.0021645021645021,0.1128879985262964,Stromal cells,CD19+CD20+ B,.
HSPH1,0.4968724896510442,0.2004780632754167,0.4771207223335902,1.3094269910281526,0.0021645021645021,0.1128879985262964,T cells,IgA+ Plasma,.
PRSS3,0.0766939871634046,0.0310279481733838,0.0639299328128496,1.3055174924010835,0.3939393939393939,0.6794328509368087,T cells,Regulatory T cells,ns
CKS2,0.2894248416026433,0.1174350803097089,0.2624515493710835,1.3013180187831768,0.0043290043290043,0.126557841588486,T cells,CD19+CD20+ B,.
ICA1,0.1261206716299057,0.0512504608680804,0.1469297126556436,1.2991511640964328,0.0021645021645021,0.1128879985262964,T cells,Regulatory T cells,.
MRVI1,0.106710952706635,0.0433754200736681,0.1229714745034774,1.2987388850702928,0.0411255411255411,0.2528124957592042,Stromal cells,Smooth muscle cells,ns
MSR1,0.1477734576910734,0.0600911003227035,0.1486106266578038,1.298149673586216,0.3095238095238095,0.6163446288344745,Myeloids,Anti-inflammatory,ns
ITGAV,0.3399660972257455,0.1382588564107815,0.4024498586853345,1.2980127934206775,0.0259740259740259,0.2125837434685515,Stromal cells,Myofibroblasts,ns
FAM101B,0.1622816485663255,0.066155510644118,0.1692667119204998,1.2945537054518683,0.0151515151515151,0.1772799594995299,Stromal cells,Tip-like ECs,.
TRAF1,0.0923526301048696,0.03766746345597,0.1141060562804341,1.2938114845835642,0.2402597402597402,0.5518263652487124,T cells,Regulatory T cells,ns
